barcode	B4	U14	U15	U3	U64	U66	U73	U74	U79	U85	U86	U91
ACACCCTGTGCACGAA	0	1	0	0	0	0	0	0	0	0	0	0
ACAGCTAGTCATCCCT	0	0	1	0	1	0	1	0	0	0	0	0
ATCCGAAGTAAACGCG	1	0	0	0	0	0	0	0	0	0	0	0
ATGTGTGAGAATGTTG	0	0	0	0	0	0	0	0	1	0	0	0
CACATAGTCAACACTG	0	0	0	0	0	0	0	0	1	0	0	0
CCTACACAGTACCGGA	1	0	0	0	0	0	0	0	0	0	0	0
CGAGCACGTACTTGAC	1	0	0	0	0	0	0	0	0	0	0	0
CGTAGCGCAGACAAGC	1	0	0	0	0	0	0	0	0	0	0	0
CGTCTACAGGACGAAA	0	0	0	0	0	0	0	0	0	0	0	1
CTGAAGTTCTCAAGTG	1	0	0	0	0	0	0	0	0	0	0	0
CTGATCCAGGAGTTGC	0	0	0	0	0	0	0	0	0	0	1	0
CTGCTGTGTCTGGAGA	0	0	0	0	0	0	0	0	0	1	0	0
GACACGCGTGAAGGCT	0	0	0	0	0	1	0	0	0	0	0	0
GATGAGGGTTATCACG	1	0	0	0	0	0	0	0	0	0	0	0
GCCTCTAAGCCAGGAT	1	0	0	0	0	0	0	0	0	0	0	0
TCAGCTCAGTGCGTGA	1	0	0	0	0	0	0	0	0	0	0	0
TCCCGATTCACTTACT	0	0	0	1	0	0	0	1	0	0	0	0
TGTGTTTTCAGTGTTG	0	0	0	0	0	0	0	0	1	0	0	0
TTCGGTCGTTCCACGG	0	0	0	0	0	0	0	1	0	0	0	0
